SET SQL_MODE = "NO_AUTO_VALUE_ON_ZERO";
SET AUTOCOMMIT = 0;
START TRANSACTION;
SET time_zone = "+00:00";

/*!40101 SET @OLD_CHARACTER_SET_CLIENT=@@CHARACTER_SET_CLIENT */;
/*!40101 SET @OLD_CHARACTER_SET_RESULTS=@@CHARACTER_SET_RESULTS */;
/*!40101 SET @OLD_COLLATION_CONNECTION=@@COLLATION_CONNECTION */;
/*!40101 SET NAMES utf8mb4 */;


CREATE TABLE `ABTEILUNG` (
  `BEREICH_ID` int(11) NOT NULL,
  `MITARBEITER_ID` decimal(8,0) DEFAULT NULL,
  `TAETIGKEIT` text DEFAULT NULL,
  `ABTEILUNG_NAME` text DEFAULT NULL
) ENGINE=InnoDB DEFAULT CHARSET=utf8mb4 COLLATE=utf8mb4_general_ci;

INSERT INTO `ABTEILUNG` (`BEREICH_ID`, `MITARBEITER_ID`, `TAETIGKEIT`, `ABTEILUNG_NAME`) VALUES
(1, '1', 'Verwaltung von Ressourcen', 'Verwaltung'),
(2, '5', 'Abbau von Ressourcen', 'Bergbau');

CREATE TABLE `ADRESSE` (
  `STADT_ID` decimal(8,0) NOT NULL,
  `ADRESSE_ID` decimal(8,0) NOT NULL,
  `STRA_E` text DEFAULT NULL,
  `HAUSNUMMER` text DEFAULT NULL
) ENGINE=InnoDB DEFAULT CHARSET=utf8mb4 COLLATE=utf8mb4_general_ci;

INSERT INTO `ADRESSE` (`STADT_ID`, `ADRESSE_ID`, `STRA_E`, `HAUSNUMMER`) VALUES
('1', '1', 'Kuppelring', 'A1'),
('2', '2', 'Versorgungsachse', 'B3'),
('1', '3', 'Sonnenweg', '12'),
('1', '4', 'Sonnenweg', '45'),
('1', '5', 'Gartenstraße', '2'),
('1', '6', 'Marktplatz', '1'),
('1', '7', 'Sternenweg', '101'),
('1', '8', 'Sternenweg', '102'),
('1', '9', 'Eichenallee', '5'),
('1', '10', 'Eichenallee', '7'),
('2', '11', 'Industriepark', '8'),
('2', '12', 'Hafenstraße', '14'),
('2', '13', 'Waldweg', '3'),
('2', '14', 'Waldweg', '5'),
('2', '15', 'Nordring', '22'),
('2', '16', 'Nordring', '24'),
('2', '17', 'Kanalpfad', '9'),
('2', '18', 'Südblick', '11'),
('3', '19', 'Bergstraße', '1'),
('3', '20', 'Kiefernweg', '44'),
('3', '21', 'Ahornweg', '7'),
('3', '22', 'Ahornweg', '12'),
('3', '23', 'Wasserzeile', '5'),
('3', '24', 'Brückengasse', '2'),
('3', '25', 'Feldrain', '15'),
('3', '26', 'Wiesenweg', '30'),
('3', '27', 'Talstraße', '4');

CREATE TABLE `BAUT_AB` (
  `BEREICH_ID` int(11) NOT NULL,
  `RESSOURCE_ID` decimal(8,0) NOT NULL
) ENGINE=InnoDB DEFAULT CHARSET=utf8mb4 COLLATE=utf8mb4_general_ci;

INSERT INTO `BAUT_AB` (`BEREICH_ID`, `RESSOURCE_ID`) VALUES
(2, '5'),
(2, '9');

CREATE TABLE `BERUFUNG` (
  `BERUFUNG_ID` int(11) NOT NULL,
  `BERUFUNG_NAME` text DEFAULT NULL,
  `ARBEITSZEIT` float DEFAULT NULL,
  `ARBEITSZEIT_MODEL` text DEFAULT NULL
) ENGINE=InnoDB DEFAULT CHARSET=utf8mb4 COLLATE=utf8mb4_general_ci;

INSERT INTO `BERUFUNG` (`BERUFUNG_ID`, `BERUFUNG_NAME`, `ARBEITSZEIT`, `ARBEITSZEIT_MODEL`) VALUES
(1, 'Mars-Ingenieur', 42, 'Schichtbetrieb'),
(2, 'Transportpilot', 40, 'Mission-basiert');

CREATE TABLE `BEWOHNER` (
  `ADRESSE_ID` decimal(8,0) NOT NULL,
  `BEWOHNER_ID` decimal(8,0) NOT NULL,
  `VORNAME` text DEFAULT NULL,
  `NACHNAME` text DEFAULT NULL,
  `GEB` date DEFAULT NULL
) ENGINE=InnoDB DEFAULT CHARSET=utf8mb4 COLLATE=utf8mb4_general_ci;

INSERT INTO `BEWOHNER` (`ADRESSE_ID`, `BEWOHNER_ID`, `VORNAME`, `NACHNAME`, `GEB`) VALUES
('1', '1', 'Lena', 'Kowalski', '2026-01-05'),
('2', '2', 'Noah', 'Hernandez', '2079-12-04'),
('2', '3', 'Tom', 'Coombs', '2007-05-04'),
('3', '4', 'Lukas', 'Weber', '1995-03-12'),
('3', '5', 'Marie', 'Weber', '1998-11-20'),
('4', '6', 'Elias', 'Müller', '2010-06-15'),
('5', '7', 'Sophia', 'Schmidt', '1982-01-30'),
('5', '8', 'Jonas', 'Schmidt', '1980-05-22'),
('5', '9', 'Emma', 'Schmidt', '2015-09-10'),
('6', '10', 'Liam', 'Fischer', '2001-04-05'),
('7', '11', 'Olivia', 'Meyer', '1975-12-12'),
('8', '12', 'Ben', 'Wagner', '1992-08-25'),
('9', '13', 'Amelie', 'Becker', '1988-02-14'),
('9', '14', 'Finn', 'Becker', '1985-07-30'),
('10', '15', 'Charlotte', 'Schulz', '1960-03-03'),
('10', '16', 'Henry', 'Schulz', '1958-10-18'),
('11', '17', 'Mia', 'Hoffmann', '2020-01-01'),
('12', '18', 'Paul', 'Schäfer', '1999-12-31'),
('13', '19', 'Emilia', 'Koch', '1993-05-15'),
('13', '20', 'Luca', 'Koch', '1990-11-02'),
('14', '21', 'Mila', 'Bauer', '2012-08-08'),
('15', '22', 'David', 'Richter', '1977-06-21'),
('15', '23', 'Sara', 'Richter', '1979-09-09'),
('16', '24', 'Leon', 'Klein', '2005-02-28'),
('17', '25', 'Clara', 'Wolf', '1984-11-11'),
('18', '26', 'Felix', 'Schröder', '1996-04-14'),
('19', '27', 'Lina', 'Neumann', '2003-07-07'),
('20', '28', 'Anton', 'Schwarz', '1965-05-25'),
('20', '29', 'Hanna', 'Schwarz', '1968-01-14'),
('21', '30', 'Leo', 'Zimmermann', '2026-06-01'),
('21', '31', 'Lea', 'Zimmermann', '2028-10-12'),
('22', '32', 'Matteo', 'Braun', '1989-03-22'),
('23', '33', 'Elena', 'Krüger', '1991-09-17'),
('23', '34', 'Julian', 'Krüger', '1988-12-05'),
('24', '35', 'Zoe', 'Hofmann', '2008-02-20'),
('25', '36', 'Moritz', 'Hartmann', '1972-11-30'),
('25', '37', 'Luis', 'Hartmann', '2004-05-15'),
('26', '38', 'Maya', 'Lange', '1997-08-08'),
('27', '39', 'Oskar', 'Schmitt', '1955-04-02'),
('27', '40', 'Ruth', 'Schmitt', '1957-07-20'),
('3', '41', 'Erik', 'Vogel', '1990-01-25'),
('4', '42', 'Leni', 'Friedrich', '2018-03-14'),
('6', '43', 'Theo', 'Günther', '1983-06-18'),
('7', '44', 'Ida', 'Berger', '1994-10-05'),
('8', '45', 'Mats', 'Egert', '2021-12-12'),
('11', '46', 'Frieda', 'Lorenz', '1970-02-22'),
('12', '47', 'Bruno', 'Voigt', '1962-09-13'),
('14', '48', 'Jana', 'Haas', '1987-11-11'),
('16', '49', 'Nico', 'Westphal', '2002-05-05'),
('18', '50', 'Klara', 'Sommer', '1995-07-24'),
('19', '51', 'Toni', 'Herrmann', '2011-01-09'),
('22', '52', 'Paula', 'Heinrich', '1981-08-16'),
('24', '53', 'Viktor', 'Kaiser', '1978-03-27');

CREATE TABLE `ENERGIEQUELLE` (
  `EQ_ID` int(11) NOT NULL,
  `LAGER_ID` decimal(8,0) DEFAULT NULL,
  `AKTUELLE_LEISTUNG` float DEFAULT NULL,
  `KAPAZITAET_MAX` float DEFAULT NULL,
  `EQ_TYP` text DEFAULT NULL
) ENGINE=InnoDB DEFAULT CHARSET=utf8mb4 COLLATE=utf8mb4_general_ci;

INSERT INTO `ENERGIEQUELLE` (`EQ_ID`, `LAGER_ID`, `AKTUELLE_LEISTUNG`, `KAPAZITAET_MAX`, `EQ_TYP`) VALUES
(1, '1', 450, 600, 'Solarfeld'),
(2, '2', 300, 500, 'Kernreaktor');

CREATE TABLE `FAHRZEUGE` (
  `FAHRZEUG_ID` int(11) NOT NULL,
  `TPW_ID` int(11) DEFAULT NULL,
  `F_NAME` text DEFAULT NULL,
  `F_STATUS` text DEFAULT NULL
) ENGINE=InnoDB DEFAULT CHARSET=utf8mb4 COLLATE=utf8mb4_general_ci;

INSERT INTO `FAHRZEUGE` (`FAHRZEUG_ID`, `TPW_ID`, `F_NAME`, `F_STATUS`) VALUES
(1, NULL, 'Rover-T1', 'bereit'),
(2, NULL, 'Cargo-T2', 'im Einsatz');

CREATE TABLE `INVENTARLOG` (
  `LOG_ID` decimal(8,0) NOT NULL,
  `RESSOURCE_ID` decimal(8,0) DEFAULT NULL,
  `INVENTAR_ID` decimal(8,0) NOT NULL,
  `DATUM` datetime DEFAULT NULL
) ENGINE=InnoDB DEFAULT CHARSET=utf8mb4 COLLATE=utf8mb4_general_ci;

INSERT INTO `INVENTARLOG` (`LOG_ID`, `RESSOURCE_ID`, `INVENTAR_ID`, `DATUM`) VALUES
('1', '1', '1', '2026-01-01 08:30:00'),
('2', '2', '1', '2026-01-02 12:15:00'),
('3', '5', '1', '2026-01-03 14:00:00'),
('4', '11', '1', '2026-01-04 09:45:00'),
('5', '16', '1', '2026-01-05 17:20:00');

CREATE TABLE `IST_GELAGERT_IN` (
  `LAGER_ID` decimal(8,0) NOT NULL,
  `RESSOURCE_ID` decimal(8,0) NOT NULL
) ENGINE=InnoDB DEFAULT CHARSET=utf8mb4 COLLATE=utf8mb4_general_ci;

INSERT INTO `IST_GELAGERT_IN` (`LAGER_ID`, `RESSOURCE_ID`) VALUES
('1', '1'),
('1', '2'),
('1', '4'),
('1', '8'),
('1', '11'),
('1', '12'),
('1', '14'),
('1', '15'),
('2', '3'),
('2', '5'),
('2', '6'),
('2', '7'),
('2', '9'),
('2', '10'),
('2', '13'),
('2', '16');

CREATE TABLE `KOORDINATE` (
  `ID` decimal(8,0) NOT NULL,
  `BREITENGRAD` decimal(8,0) DEFAULT NULL,
  `LAENGENGRAD` decimal(8,0) DEFAULT NULL
) ENGINE=InnoDB DEFAULT CHARSET=utf8mb4 COLLATE=utf8mb4_general_ci;

INSERT INTO `KOORDINATE` (`ID`, `BREITENGRAD`, `LAENGENGRAD`) VALUES
('101', '53', '13'),
('102', '54', '10'),
('103', '48', '12');

CREATE TABLE `LAGER` (
  `LAGER_ID` decimal(8,0) NOT NULL,
  `KOORD_ID` decimal(8,0) NOT NULL,
  `LAGERTYP` text DEFAULT NULL,
  `GROE_E` decimal(8,0) DEFAULT NULL
) ENGINE=InnoDB DEFAULT CHARSET=utf8mb4 COLLATE=utf8mb4_general_ci;

INSERT INTO `LAGER` (`LAGER_ID`, `KOORD_ID`, `LAGERTYP`, `GROE_E`) VALUES
('1', '101', 'Zentrallager Sauerstoff', '8000'),
('2', '102', 'Nahrungsdepot', '5000');

CREATE TABLE `MITARBEITER` (
  `MITARBEITER_ID` decimal(8,0) NOT NULL,
  `BEREICH_ID` int(11) DEFAULT NULL,
  `BEWOHNER_ID` decimal(8,0) NOT NULL,
  `BERUFUNG_ID` int(11) DEFAULT NULL,
  `ABT_BEREICH_ID` int(11) DEFAULT NULL,
  `LOGIN` text DEFAULT NULL,
  `PASSWORT` text DEFAULT NULL,
  `GEHALT` float DEFAULT NULL
) ENGINE=InnoDB DEFAULT CHARSET=utf8mb4 COLLATE=utf8mb4_general_ci;

INSERT INTO `MITARBEITER` (`MITARBEITER_ID`, `BEREICH_ID`, `BEWOHNER_ID`, `BERUFUNG_ID`, `ABT_BEREICH_ID`, `LOGIN`, `PASSWORT`, `GEHALT`) VALUES
('1', 1, '1', 2, 1, 'l.kowalski', '$2y$10$nIhCc0oG0WOKiTue093Jy.qsMMkN4cD1snz/aqKZx0lbpKbZIBr/e', 5200),
('2', 1, '2', 1, 1, 'engineer01', 'redplanet', 6100),
('3', 1, '4', 1, 1, 'l.weber', '$2y$10$nIhCc0oG0WOKiTue093Jy.qsMMkN4cD1snz/aqKZx0lbpKbZIBr/e', 4800),
('4', 1, '7', 2, 1, 's.schmidt', '$2y$10$nIhCc0oG0WOKiTue093Jy.qsMMkN4cD1snz/aqKZx0lbpKbZIBr/e', 5500),
('5', 1, '10', 1, 1, 'l.fischer', '$2y$10$nIhCc0oG0WOKiTue093Jy.qsMMkN4cD1snz/aqKZx0lbpKbZIBr/e', 4200),
('6', 1, '12', 2, 1, 'b.wagner', '$2y$10$nIhCc0oG0WOKiTue093Jy.qsMMkN4cD1snz/aqKZx0lbpKbZIBr/e', 5900),
('7', 1, '14', 1, 1, 'f.becker', '$2y$10$nIhCc0oG0WOKiTue093Jy.qsMMkN4cD1snz/aqKZx0lbpKbZIBr/e', 5100),
('8', 1, '19', 2, 1, 'e.koch', '$2y$10$nIhCc0oG0WOKiTue093Jy.qsMMkN4cD1snz/aqKZx0lbpKbZIBr/e', 4750),
('9', 1, '25', 1, 1, 'c.wolf', '$2y$10$nIhCc0oG0WOKiTue093Jy.qsMMkN4cD1snz/aqKZx0lbpKbZIBr/e', 6300),
('10', 1, '32', 2, 1, 'm.braun', '$2y$10$nIhCc0oG0WOKiTue093Jy.qsMMkN4cD1snz/aqKZx0lbpKbZIBr/e', 4950),
('11', 1, '38', 1, 1, 'm.lange', '$2y$10$nIhCc0oG0WOKiTue093Jy.qsMMkN4cD1snz/aqKZx0lbpKbZIBr/e', 5200),
('12', 1, '53', 2, 1, 'v.kaiser', '$2y$10$nIhCc0oG0WOKiTue093Jy.qsMMkN4cD1snz/aqKZx0lbpKbZIBr/e', 7100);

CREATE TABLE `RAUMFAHRZEUG` (
  `RF_ID` int(11) NOT NULL,
  `TPW_ID` int(11) DEFAULT NULL,
  `TREIBSTOFF_STAND` float DEFAULT NULL,
  `TRAGLAST_KG` float DEFAULT NULL,
  `RF_TYP` text DEFAULT NULL,
  `RF_STATUS` text DEFAULT NULL
) ENGINE=InnoDB DEFAULT CHARSET=utf8mb4 COLLATE=utf8mb4_general_ci;

CREATE TABLE `RESSOURCE` (
  `RESSOURCE_ID` decimal(8,0) NOT NULL,
  `INVENTAR_ID` decimal(8,0) DEFAULT NULL,
  `R_TYP` text DEFAULT NULL,
  `MENGE` decimal(8,0) DEFAULT NULL,
  `GEWICHT` float DEFAULT NULL,
  `VOLUMEN` float DEFAULT NULL,
  `ABLAUFDATUM` datetime DEFAULT NULL,
  `PRIORITAET` int(11) DEFAULT NULL,
  `MENGE_EINHEIT` text DEFAULT NULL,
  `MIN_SCHWELLENWERT` int(11) DEFAULT NULL,
  `VERBRAUCH_PRO_SOL` int(11) DEFAULT NULL
) ENGINE=InnoDB DEFAULT CHARSET=utf8mb4 COLLATE=utf8mb4_general_ci;

INSERT INTO `RESSOURCE` (`RESSOURCE_ID`, `INVENTAR_ID`, `R_TYP`, `MENGE`, `GEWICHT`, `VOLUMEN`, `ABLAUFDATUM`, `PRIORITAET`, `MENGE_EINHEIT`, `MIN_SCHWELLENWERT`, `VERBRAUCH_PRO_SOL`) VALUES
('1', '1', 'Sauerstoff', '1200', 300, 50, '2095-12-31 00:00:00', 1, 'm³', 400, 20),
('2', '1', 'Wasser', '900', 900, 80, '2090-01-01 00:00:00', 1, 'L', 1000, 40),
('3', NULL, 'Nahrung', '600', 500, 70, '2087-06-30 00:00:00', 2, 'KG', 250, 15),
('4', NULL, 'Medizin', '100', 50, 10, '2026-02-01 00:00:00', 1, 'KG', NULL, NULL),
('5', '1', 'Methan (Treibstoff)', '5000', 2100, 150, '2030-12-31 00:00:00', 1, 'L', 1000, 50),
('6', NULL, 'Solarmodule Ersatz', '25', 1200, 200, NULL, 2, 'STK', 5, NULL),
('7', NULL, 'Batteriezellen', '150', 800, 40, '2040-01-01 00:00:00', 1, 'STK', 20, NULL),
('8', NULL, 'Stickstoff', '2000', 1800, 100, '2099-12-31 00:00:00', 2, 'L', 500, 10),
('9', NULL, 'Eisenerz', '15000', 15000, 500, NULL, 3, 'KG', 2000, NULL),
('10', NULL, 'Aluminiumplatten', '500', 1350, 80, NULL, 2, 'STK', 50, NULL),
('11', '1', 'Ersatzfilter (CO2)', '80', 160, 20, '2028-05-15 00:00:00', 1, 'STK', 15, 2),
('12', NULL, 'Samen (Hydrokultur)', '50', 5, 2, '2027-12-24 00:00:00', 2, 'KG', 10, NULL),
('13', NULL, 'Schmiermittel', '200', 180, 15, '2029-01-01 00:00:00', 3, 'L', 30, 1),
('14', NULL, 'Ersatzvisiere', '15', 30, 10, NULL, 2, 'STK', 3, NULL),
('15', NULL, 'Dichtungsmaterial', '300', 50, 5, '2035-06-01 00:00:00', 1, 'M', 50, NULL),
('16', '1', 'Kühlflüssigkeit', '1200', 1200, 60, NULL, 1, 'L', 200, 5);

CREATE TABLE `BESTANDSBEWEGUNG` (
  `BEWEGUNG_ID` bigint NOT NULL AUTO_INCREMENT,
  `RESSOURCE_ID` decimal(8,0) NOT NULL,
  `BEWEGUNGSART` varchar(20) NOT NULL,
  `MENGE` decimal(12,2) NOT NULL,
  `DATUM` datetime NOT NULL DEFAULT current_timestamp(),
  PRIMARY KEY (`BEWEGUNG_ID`),
  KEY `FK_BESTANDSBEWEGUNG_RESSOURCE` (`RESSOURCE_ID`),
  CONSTRAINT `CHK_BESTANDSBEWEGUNG_ART`
    CHECK (`BEWEGUNGSART` IN ('VERBRAUCH', 'NACHSCHUB', 'KORREKTUR'))
) ENGINE=InnoDB DEFAULT CHARSET=utf8mb4 COLLATE=utf8mb4_general_ci;

INSERT INTO `BESTANDSBEWEGUNG` (
  `RESSOURCE_ID`,
  `BEWEGUNGSART`,
  `MENGE`,
  `DATUM`
)
WITH RECURSIVE `tage` AS (
  SELECT 0 AS `nummer`
  UNION ALL
  SELECT `nummer` + 1
  FROM `tage`
  WHERE `nummer` < 364
),
`verbrauchswerte` AS (
  SELECT 1 AS `ressource_id`, 20.0 AS `basisverbrauch`
  UNION ALL
  SELECT 2, 40.0
  UNION ALL
  SELECT 3, 15.0
)
SELECT
  `v`.`ressource_id`,
  'VERBRAUCH',
  ROUND(
    `v`.`basisverbrauch`
    * (0.90 + MOD(`t`.`nummer` * 7 + `v`.`ressource_id` * 3, 21) / 100),
    2
  ),
  DATE_SUB(CURRENT_DATE, INTERVAL `t`.`nummer` DAY)
FROM `tage` `t`
CROSS JOIN `verbrauchswerte` `v`;

CREATE TABLE `ROUTE` (
  `ROUTE_ID` int(11) NOT NULL,
  `START_ID` decimal(8,0) NOT NULL,
  `END_ID` decimal(8,0) NOT NULL
) ENGINE=InnoDB DEFAULT CHARSET=utf8mb4 COLLATE=utf8mb4_general_ci;

INSERT INTO `ROUTE` (`ROUTE_ID`, `START_ID`, `END_ID`) VALUES
(1, '101', '102'),
(2, '102', '101');

CREATE TABLE `STADT` (
  `STADT_ID` decimal(8,0) NOT NULL,
  `STADT_NAME` text DEFAULT NULL,
  `KOORD_ID` decimal(8,0) DEFAULT NULL
) ENGINE=InnoDB DEFAULT CHARSET=utf8mb4 COLLATE=utf8mb4_general_ci;

INSERT INTO `STADT` (`STADT_ID`, `STADT_NAME`, `KOORD_ID`) VALUES
('1', 'Vulcanis', '101'),
('2', 'Aresburg', '102'),
('3', 'Deimos Reach', '103');

CREATE TABLE `STADTINVENTAR` (
  `INVENTAR_ID` decimal(8,0) NOT NULL,
  `STADT_ID` decimal(8,0) NOT NULL,
  `KOORD_ID` decimal(8,0) NOT NULL,
  `PRIOITAT` text DEFAULT NULL,
  `VOLL` smallint(6) DEFAULT NULL
) ENGINE=InnoDB DEFAULT CHARSET=utf8mb4 COLLATE=utf8mb4_general_ci;

INSERT INTO `STADTINVENTAR` (`INVENTAR_ID`, `STADT_ID`, `KOORD_ID`, `PRIOITAT`, `VOLL`) VALUES
('1', '1', '101', '1', 0);

CREATE TABLE `TRANSFERFENSTER` (
  `TF_ID` int(11) NOT NULL,
  `START_DATUM` datetime DEFAULT NULL,
  `END_DATUM` datetime DEFAULT NULL,
  `TS_TYP` text DEFAULT NULL
) ENGINE=InnoDB DEFAULT CHARSET=utf8mb4 COLLATE=utf8mb4_general_ci;

INSERT INTO `TRANSFERFENSTER` (`TF_ID`, `START_DATUM`, `END_DATUM`, `TS_TYP`) VALUES
(1, '2026-01-13 18:38:45', '2026-02-09 18:38:45', NULL);

CREATE TABLE `TRANSPORTIERT` (
  `FAHRZEUG_ID` int(11) NOT NULL,
  `RESSOURCE_ID` decimal(8,0) NOT NULL
) ENGINE=InnoDB DEFAULT CHARSET=utf8mb4 COLLATE=utf8mb4_general_ci;

INSERT INTO `TRANSPORTIERT` (`FAHRZEUG_ID`, `RESSOURCE_ID`) VALUES
(1, '2'),
(2, '3');

CREATE TABLE `TRANSPORTWEGE` (
  `TPW_ID` int(11) NOT NULL,
  `MITARBEITER_ID` decimal(8,0) NOT NULL,
  `LAGER_ID` decimal(8,0) DEFAULT NULL,
  `FAHRZEUG_ID` int(11) DEFAULT NULL,
  `ROUTE_ID` int(11) NOT NULL,
  `RF_ID` int(11) DEFAULT NULL,
  `TF_ID` int(11) DEFAULT NULL,
  `STADT_ID` decimal(8,0) DEFAULT NULL,
  `DAUER` int(11) DEFAULT NULL,
  `STREACKEN_TYP` text DEFAULT NULL,
  `TPW_STATUS` text DEFAULT NULL
) ENGINE=InnoDB DEFAULT CHARSET=utf8mb4 COLLATE=utf8mb4_general_ci;

INSERT INTO `TRANSPORTWEGE` (`TPW_ID`, `MITARBEITER_ID`, `LAGER_ID`, `FAHRZEUG_ID`, `ROUTE_ID`, `RF_ID`, `TF_ID`, `STADT_ID`, `DAUER`, `STREACKEN_TYP`, `TPW_STATUS`) VALUES
(1, '1', '1', 1, 1, NULL, 1, '1', 6, 'Oberfläche', 'abgeschlossen'),
(2, '1', '2', 2, 2, NULL, 1, '2', 10, 'Untertunnel', 'aktiv');

CREATE TABLE `VERSORGT_STADT` (
  `STADT_ID` decimal(8,0) NOT NULL,
  `EQ_ID` int(11) NOT NULL
) ENGINE=InnoDB DEFAULT CHARSET=utf8mb4 COLLATE=utf8mb4_general_ci;

INSERT INTO `VERSORGT_STADT` (`STADT_ID`, `EQ_ID`) VALUES
('1', 2),
('2', 2),
('3', 1);

CREATE TABLE `EXTERNES_UNTERNEHMEN` (
  `UNTERNEHMEN_ID` decimal(8,0) NOT NULL,
  `NAME` text DEFAULT NULL,
  `BRANCHE` text DEFAULT NULL,
  `KONTAKT_NAME` text DEFAULT NULL,
  `KONTAKT_EMAIL` varchar(255) DEFAULT NULL,
  `STATUS` text DEFAULT NULL
) ENGINE=InnoDB DEFAULT CHARSET=utf8mb4 COLLATE=utf8mb4_general_ci;

CREATE TABLE `RESSOURCEN_UEBERSCHUSS_BEWERTUNG` (
  `BEWERTUNG_ID` decimal(8,0) NOT NULL,
  `RESSOURCE_ID` decimal(8,0) NOT NULL,
  `LAGER_ID` decimal(8,0) NOT NULL,
  `BEWERTET_VON` decimal(8,0) DEFAULT NULL,
  `AKTUELLE_MENGE` decimal(12,2) DEFAULT NULL,
  `MINDESTRESERVE` decimal(12,2) DEFAULT NULL,
  `VERKAUFBARE_MENGE` decimal(12,2) DEFAULT NULL,
  `EINHEIT` text DEFAULT NULL,
  `BEWERTUNGSDATUM` datetime DEFAULT NULL,
  `STATUS` text DEFAULT NULL,
  `BEGRUENDUNG` text DEFAULT NULL
) ENGINE=InnoDB DEFAULT CHARSET=utf8mb4 COLLATE=utf8mb4_general_ci;

CREATE TABLE `RESSOURCEN_VERKAUF` (
  `VERKAUF_ID` decimal(8,0) NOT NULL,
  `UNTERNEHMEN_ID` decimal(8,0) NOT NULL,
  `ERSTELLT_VON` decimal(8,0) DEFAULT NULL,
  `ERSTELLT_AM` datetime DEFAULT NULL,
  `STATUS` text DEFAULT NULL,
  `WAEHRUNG` varchar(3) DEFAULT NULL,
  `GESAMTWERT` decimal(12,2) DEFAULT NULL,
  `BEMERKUNG` text DEFAULT NULL
) ENGINE=InnoDB DEFAULT CHARSET=utf8mb4 COLLATE=utf8mb4_general_ci;

CREATE TABLE `RESSOURCEN_VERKAUF_POSITION` (
  `VERKAUF_POSITION_ID` decimal(8,0) NOT NULL,
  `VERKAUF_ID` decimal(8,0) NOT NULL,
  `BEWERTUNG_ID` decimal(8,0) DEFAULT NULL,
  `RESSOURCE_ID` decimal(8,0) NOT NULL,
  `LAGER_ID` decimal(8,0) NOT NULL,
  `MENGE` decimal(12,2) DEFAULT NULL,
  `EINHEIT` text DEFAULT NULL,
  `EINZELPREIS` decimal(12,2) DEFAULT NULL,
  `POSITIONSWERT` decimal(12,2) DEFAULT NULL
) ENGINE=InnoDB DEFAULT CHARSET=utf8mb4 COLLATE=utf8mb4_general_ci;

INSERT INTO `EXTERNES_UNTERNEHMEN` (`UNTERNEHMEN_ID`, `NAME`, `BRANCHE`, `KONTAKT_NAME`, `KONTAKT_EMAIL`, `STATUS`) VALUES
('1', 'Deutsche Mars Bau GmbH', 'Bau und Infrastruktur', 'Mara Stein', 'kontakt@deutsche-mars-bau.example', 'aktiv'),
('2', 'Deutsche Mars Versorgung AG', 'Treibstoff und Versorgung', 'Jonas Reuter', 'kontakt@deutsche-mars-versorgung.example', 'aktiv');

INSERT INTO `RESSOURCEN_UEBERSCHUSS_BEWERTUNG` (`BEWERTUNG_ID`, `RESSOURCE_ID`, `LAGER_ID`, `BEWERTET_VON`, `AKTUELLE_MENGE`, `MINDESTRESERVE`, `VERKAUFBARE_MENGE`, `EINHEIT`, `BEWERTUNGSDATUM`, `STATUS`, `BEGRUENDUNG`) VALUES
('1', '9', '2', '1', 15000.00, 2000.00, 3000.00, 'KG', '2026-05-14 09:00:00', 'freigegeben', 'Eisenerz liegt deutlich über der Mindestreserve und kann teilweise extern abgegeben werden.'),
('2', '10', '2', '1', 500.00, 50.00, 120.00, 'STK', '2026-05-14 09:30:00', 'freigegeben', 'Aluminiumplatten überschreiten den internen Bedarf und eignen sich für externe Baupartner.');

INSERT INTO `RESSOURCEN_VERKAUF` (`VERKAUF_ID`, `UNTERNEHMEN_ID`, `ERSTELLT_VON`, `ERSTELLT_AM`, `STATUS`, `WAEHRUNG`, `GESAMTWERT`, `BEMERKUNG`) VALUES
('1', '1', '1', '2026-05-14 10:00:00', 'vorbereitet', 'EUR', 54000.00, 'Vorbereiteter Verkauf überschüssiger Baumaterialien an Deutsche Mars Bau GmbH.');

INSERT INTO `RESSOURCEN_VERKAUF_POSITION` (`VERKAUF_POSITION_ID`, `VERKAUF_ID`, `BEWERTUNG_ID`, `RESSOURCE_ID`, `LAGER_ID`, `MENGE`, `EINHEIT`, `EINZELPREIS`, `POSITIONSWERT`) VALUES
('1', '1', '1', '9', '2', 3000.00, 'KG', 6.00, 18000.00),
('2', '1', '2', '10', '2', 120.00, 'STK', 300.00, 36000.00);


ALTER TABLE `ABTEILUNG`
  ADD PRIMARY KEY (`BEREICH_ID`),
  ADD KEY `FK_ABTEILUN_IST_LEITE_MITARBEI` (`MITARBEITER_ID`);

ALTER TABLE `ADRESSE`
  ADD PRIMARY KEY (`ADRESSE_ID`),
  ADD KEY `FK_ADRESSE_HAT_STADT` (`STADT_ID`);

ALTER TABLE `BAUT_AB`
  ADD PRIMARY KEY (`BEREICH_ID`,`RESSOURCE_ID`),
  ADD KEY `FK_BAUT_AB_BAUT_AB2_RESSOURC` (`RESSOURCE_ID`);

ALTER TABLE `BERUFUNG`
  ADD PRIMARY KEY (`BERUFUNG_ID`);

ALTER TABLE `BEWOHNER`
  ADD PRIMARY KEY (`BEWOHNER_ID`),
  ADD KEY `FK_BEWOHNER_WOHNT_IN_ADRESSE` (`ADRESSE_ID`);

ALTER TABLE `ENERGIEQUELLE`
  ADD PRIMARY KEY (`EQ_ID`),
  ADD KEY `FK_ENERGIEQ_VERSORGT__LAGER` (`LAGER_ID`);

ALTER TABLE `FAHRZEUGE`
  ADD PRIMARY KEY (`FAHRZEUG_ID`),
  ADD KEY `FK_FAHRZEUG_HAT_TRANS_TRANSPOR` (`TPW_ID`);

ALTER TABLE `INVENTARLOG`
  ADD PRIMARY KEY (`LOG_ID`),
  ADD KEY `FK_INVENTAR_IST_GELOG_STADTINV` (`INVENTAR_ID`),
  ADD KEY `FK_INVENTAR_IST_GELOG_RESSOURC` (`RESSOURCE_ID`);

ALTER TABLE `IST_GELAGERT_IN`
  ADD PRIMARY KEY (`LAGER_ID`,`RESSOURCE_ID`),
  ADD KEY `FK_IST_GELA_IST_GELAG_RESSOURC` (`RESSOURCE_ID`);

ALTER TABLE `KOORDINATE`
  ADD PRIMARY KEY (`ID`);

ALTER TABLE `LAGER`
  ADD PRIMARY KEY (`LAGER_ID`),
  ADD KEY `FK_LAGER_LIEGT_IN_KOORDINA` (`KOORD_ID`);

ALTER TABLE `MITARBEITER`
  ADD PRIMARY KEY (`MITARBEITER_ID`),
  ADD KEY `FK_MITARBEI_GEHOERT_Z_ABTEILUN` (`ABT_BEREICH_ID`),
  ADD KEY `FK_MITARBEI_HAT_BERUF_BERUFUNG` (`BERUFUNG_ID`),
  ADD KEY `FK_MITARBEI_IST_BEWOHNER` (`BEWOHNER_ID`),
  ADD KEY `FK_MITARBEI_IST_LEITE_ABTEILUN` (`BEREICH_ID`);

ALTER TABLE `RAUMFAHRZEUG`
  ADD PRIMARY KEY (`RF_ID`),
  ADD KEY `FK_RAUMFAHR_RS_TRANSP_TRANSPOR` (`TPW_ID`);

ALTER TABLE `RESSOURCE`
  ADD PRIMARY KEY (`RESSOURCE_ID`),
  ADD KEY `FK_RESSOURC_IST_VERFU_STADTINV` (`INVENTAR_ID`);

ALTER TABLE `ROUTE`
  ADD PRIMARY KEY (`ROUTE_ID`),
  ADD KEY `FK_ROUTE_IST_ENDPU_KOORDINA` (`START_ID`),
  ADD KEY `FK_ROUTE_IST_START_KOORDINA` (`END_ID`);

ALTER TABLE `STADT`
  ADD PRIMARY KEY (`STADT_ID`),
  ADD KEY `FK_STADT_BEFINDET__KOORDINA` (`KOORD_ID`);

ALTER TABLE `STADTINVENTAR`
  ADD PRIMARY KEY (`INVENTAR_ID`),
  ADD KEY `FK_STADTINV_BEINHALTE_STADT` (`STADT_ID`),
  ADD KEY `FK_STADTINV_LIEGT_BEI_KOORDINA` (`KOORD_ID`);

ALTER TABLE `TRANSFERFENSTER`
  ADD PRIMARY KEY (`TF_ID`);

ALTER TABLE `TRANSPORTIERT`
  ADD PRIMARY KEY (`FAHRZEUG_ID`,`RESSOURCE_ID`),
  ADD KEY `FK_TRANSPOR_TRANSPORT_RESSOURC` (`RESSOURCE_ID`);

ALTER TABLE `TRANSPORTWEGE`
  ADD PRIMARY KEY (`TPW_ID`),
  ADD KEY `FK_TRANSPOR_HAT_ROUTE_ROUTE` (`ROUTE_ID`),
  ADD KEY `FK_TRANSPOR_HAT_TRANS_FAHRZEUG` (`FAHRZEUG_ID`),
  ADD KEY `FK_TRANSPOR_IN_FENSTE_TRANSFER` (`TF_ID`),
  ADD KEY `FK_TRANSPOR_IST_ABHOL_LAGER` (`LAGER_ID`),
  ADD KEY `FK_TRANSPOR_IST_FAHRE_MITARBEI` (`MITARBEITER_ID`),
  ADD KEY `FK_TRANSPOR_IST_ZIEL_STADT` (`STADT_ID`),
  ADD KEY `FK_TRANSPOR_RS_TRANSP_RAUMFAHR` (`RF_ID`);

ALTER TABLE `VERSORGT_STADT`
  ADD PRIMARY KEY (`STADT_ID`,`EQ_ID`),
  ADD KEY `FK_VERSORGT_VERSORGT__ENERGIEQ` (`EQ_ID`);

ALTER TABLE `EXTERNES_UNTERNEHMEN`
  ADD PRIMARY KEY (`UNTERNEHMEN_ID`);

ALTER TABLE `RESSOURCEN_UEBERSCHUSS_BEWERTUNG`
  ADD PRIMARY KEY (`BEWERTUNG_ID`),
  ADD KEY `FK_RUB_BEWERTET_VON_MITARBEI` (`BEWERTET_VON`),
  ADD KEY `FK_RUB_IST_GELAGERT_IN` (`LAGER_ID`,`RESSOURCE_ID`);

ALTER TABLE `RESSOURCEN_VERKAUF`
  ADD PRIMARY KEY (`VERKAUF_ID`),
  ADD KEY `FK_RV_EXTER_UNTERNEHMEN` (`UNTERNEHMEN_ID`),
  ADD KEY `FK_RV_ERSTELLT_VON_MITARBEI` (`ERSTELLT_VON`);

ALTER TABLE `RESSOURCEN_VERKAUF_POSITION`
  ADD PRIMARY KEY (`VERKAUF_POSITION_ID`),
  ADD KEY `FK_RVP_VERKAUF` (`VERKAUF_ID`),
  ADD KEY `FK_RVP_BEWERTUNG` (`BEWERTUNG_ID`),
  ADD KEY `FK_RVP_IST_GELAGERT_IN` (`LAGER_ID`,`RESSOURCE_ID`);


ALTER TABLE `ABTEILUNG`
  ADD CONSTRAINT `FK_ABTEILUN_IST_LEITE_MITARBEI` FOREIGN KEY (`MITARBEITER_ID`) REFERENCES `MITARBEITER` (`MITARBEITER_ID`);

ALTER TABLE `ADRESSE`
  ADD CONSTRAINT `FK_ADRESSE_HAT_STADT` FOREIGN KEY (`STADT_ID`) REFERENCES `STADT` (`STADT_ID`);

ALTER TABLE `BAUT_AB`
  ADD CONSTRAINT `FK_BAUT_AB_BAUT_AB2_RESSOURC` FOREIGN KEY (`RESSOURCE_ID`) REFERENCES `RESSOURCE` (`RESSOURCE_ID`),
  ADD CONSTRAINT `FK_BAUT_AB_BAUT_AB_ABTEILUN` FOREIGN KEY (`BEREICH_ID`) REFERENCES `ABTEILUNG` (`BEREICH_ID`);

ALTER TABLE `BEWOHNER`
  ADD CONSTRAINT `FK_BEWOHNER_WOHNT_IN_ADRESSE` FOREIGN KEY (`ADRESSE_ID`) REFERENCES `ADRESSE` (`ADRESSE_ID`);

ALTER TABLE `ENERGIEQUELLE`
  ADD CONSTRAINT `FK_ENERGIEQ_VERSORGT__LAGER` FOREIGN KEY (`LAGER_ID`) REFERENCES `LAGER` (`LAGER_ID`);

ALTER TABLE `FAHRZEUGE`
  ADD CONSTRAINT `FK_FAHRZEUG_HAT_TRANS_TRANSPOR` FOREIGN KEY (`TPW_ID`) REFERENCES `TRANSPORTWEGE` (`TPW_ID`);

ALTER TABLE `INVENTARLOG`
  ADD CONSTRAINT `FK_INVENTAR_IST_GELOG_RESSOURC` FOREIGN KEY (`RESSOURCE_ID`) REFERENCES `RESSOURCE` (`RESSOURCE_ID`),
  ADD CONSTRAINT `FK_INVENTAR_IST_GELOG_STADTINV` FOREIGN KEY (`INVENTAR_ID`) REFERENCES `STADTINVENTAR` (`INVENTAR_ID`);

ALTER TABLE `IST_GELAGERT_IN`
  ADD CONSTRAINT `FK_IST_GELA_IST_GELAG_LAGER` FOREIGN KEY (`LAGER_ID`) REFERENCES `LAGER` (`LAGER_ID`),
  ADD CONSTRAINT `FK_IST_GELA_IST_GELAG_RESSOURC` FOREIGN KEY (`RESSOURCE_ID`) REFERENCES `RESSOURCE` (`RESSOURCE_ID`);

ALTER TABLE `LAGER`
  ADD CONSTRAINT `FK_LAGER_LIEGT_IN_KOORDINA` FOREIGN KEY (`KOORD_ID`) REFERENCES `KOORDINATE` (`ID`);

ALTER TABLE `MITARBEITER`
  ADD CONSTRAINT `FK_MITARBEI_GEHOERT_Z_ABTEILUN` FOREIGN KEY (`ABT_BEREICH_ID`) REFERENCES `ABTEILUNG` (`BEREICH_ID`),
  ADD CONSTRAINT `FK_MITARBEI_HAT_BERUF_BERUFUNG` FOREIGN KEY (`BERUFUNG_ID`) REFERENCES `BERUFUNG` (`BERUFUNG_ID`),
  ADD CONSTRAINT `FK_MITARBEI_IST_BEWOHNER` FOREIGN KEY (`BEWOHNER_ID`) REFERENCES `BEWOHNER` (`BEWOHNER_ID`),
  ADD CONSTRAINT `FK_MITARBEI_IST_LEITE_ABTEILUN` FOREIGN KEY (`BEREICH_ID`) REFERENCES `ABTEILUNG` (`BEREICH_ID`);

ALTER TABLE `RAUMFAHRZEUG`
  ADD CONSTRAINT `FK_RAUMFAHR_RS_TRANSP_TRANSPOR` FOREIGN KEY (`TPW_ID`) REFERENCES `TRANSPORTWEGE` (`TPW_ID`);

ALTER TABLE `RESSOURCE`
  ADD CONSTRAINT `FK_RESSOURC_IST_VERFU_STADTINV` FOREIGN KEY (`INVENTAR_ID`) REFERENCES `STADTINVENTAR` (`INVENTAR_ID`);

ALTER TABLE `BESTANDSBEWEGUNG`
  ADD CONSTRAINT `FK_BESTANDSBEWEGUNG_RESSOURCE` FOREIGN KEY (`RESSOURCE_ID`) REFERENCES `RESSOURCE` (`RESSOURCE_ID`);

ALTER TABLE `ROUTE`
  ADD CONSTRAINT `FK_ROUTE_IST_ENDPU_KOORDINA` FOREIGN KEY (`START_ID`) REFERENCES `KOORDINATE` (`ID`),
  ADD CONSTRAINT `FK_ROUTE_IST_START_KOORDINA` FOREIGN KEY (`END_ID`) REFERENCES `KOORDINATE` (`ID`);

ALTER TABLE `STADT`
  ADD CONSTRAINT `FK_STADT_BEFINDET__KOORDINA` FOREIGN KEY (`KOORD_ID`) REFERENCES `KOORDINATE` (`ID`);

ALTER TABLE `STADTINVENTAR`
  ADD CONSTRAINT `FK_STADTINV_BEINHALTE_STADT` FOREIGN KEY (`STADT_ID`) REFERENCES `STADT` (`STADT_ID`),
  ADD CONSTRAINT `FK_STADTINV_LIEGT_BEI_KOORDINA` FOREIGN KEY (`KOORD_ID`) REFERENCES `KOORDINATE` (`ID`);

ALTER TABLE `TRANSPORTIERT`
  ADD CONSTRAINT `FK_TRANSPOR_TRANSPORT_FAHRZEUG` FOREIGN KEY (`FAHRZEUG_ID`) REFERENCES `FAHRZEUGE` (`FAHRZEUG_ID`),
  ADD CONSTRAINT `FK_TRANSPOR_TRANSPORT_RESSOURC` FOREIGN KEY (`RESSOURCE_ID`) REFERENCES `RESSOURCE` (`RESSOURCE_ID`);

ALTER TABLE `TRANSPORTWEGE`
  ADD CONSTRAINT `FK_TRANSPOR_HAT_ROUTE_ROUTE` FOREIGN KEY (`ROUTE_ID`) REFERENCES `ROUTE` (`ROUTE_ID`),
  ADD CONSTRAINT `FK_TRANSPOR_HAT_TRANS_FAHRZEUG` FOREIGN KEY (`FAHRZEUG_ID`) REFERENCES `FAHRZEUGE` (`FAHRZEUG_ID`),
  ADD CONSTRAINT `FK_TRANSPOR_IN_FENSTE_TRANSFER` FOREIGN KEY (`TF_ID`) REFERENCES `TRANSFERFENSTER` (`TF_ID`),
  ADD CONSTRAINT `FK_TRANSPOR_IST_ABHOL_LAGER` FOREIGN KEY (`LAGER_ID`) REFERENCES `LAGER` (`LAGER_ID`),
  ADD CONSTRAINT `FK_TRANSPOR_IST_FAHRE_MITARBEI` FOREIGN KEY (`MITARBEITER_ID`) REFERENCES `MITARBEITER` (`MITARBEITER_ID`),
  ADD CONSTRAINT `FK_TRANSPOR_IST_ZIEL_STADT` FOREIGN KEY (`STADT_ID`) REFERENCES `STADT` (`STADT_ID`),
  ADD CONSTRAINT `FK_TRANSPOR_RS_TRANSP_RAUMFAHR` FOREIGN KEY (`RF_ID`) REFERENCES `RAUMFAHRZEUG` (`RF_ID`);

ALTER TABLE `VERSORGT_STADT`
  ADD CONSTRAINT `FK_VERSORGT_VERSORGT__ENERGIEQ` FOREIGN KEY (`EQ_ID`) REFERENCES `ENERGIEQUELLE` (`EQ_ID`),
  ADD CONSTRAINT `FK_VERSORGT_VERSORGT__STADT` FOREIGN KEY (`STADT_ID`) REFERENCES `STADT` (`STADT_ID`);

ALTER TABLE `RESSOURCEN_UEBERSCHUSS_BEWERTUNG`
  ADD CONSTRAINT `FK_RUB_BEWERTET_VON_MITARBEI` FOREIGN KEY (`BEWERTET_VON`) REFERENCES `MITARBEITER` (`MITARBEITER_ID`),
  ADD CONSTRAINT `FK_RUB_IST_GELAGERT_IN` FOREIGN KEY (`LAGER_ID`,`RESSOURCE_ID`) REFERENCES `IST_GELAGERT_IN` (`LAGER_ID`,`RESSOURCE_ID`);

ALTER TABLE `RESSOURCEN_VERKAUF`
  ADD CONSTRAINT `FK_RV_EXTER_UNTERNEHMEN` FOREIGN KEY (`UNTERNEHMEN_ID`) REFERENCES `EXTERNES_UNTERNEHMEN` (`UNTERNEHMEN_ID`),
  ADD CONSTRAINT `FK_RV_ERSTELLT_VON_MITARBEI` FOREIGN KEY (`ERSTELLT_VON`) REFERENCES `MITARBEITER` (`MITARBEITER_ID`);

ALTER TABLE `RESSOURCEN_VERKAUF_POSITION`
  ADD CONSTRAINT `FK_RVP_VERKAUF` FOREIGN KEY (`VERKAUF_ID`) REFERENCES `RESSOURCEN_VERKAUF` (`VERKAUF_ID`),
  ADD CONSTRAINT `FK_RVP_BEWERTUNG` FOREIGN KEY (`BEWERTUNG_ID`) REFERENCES `RESSOURCEN_UEBERSCHUSS_BEWERTUNG` (`BEWERTUNG_ID`),
  ADD CONSTRAINT `FK_RVP_IST_GELAGERT_IN` FOREIGN KEY (`LAGER_ID`,`RESSOURCE_ID`) REFERENCES `IST_GELAGERT_IN` (`LAGER_ID`,`RESSOURCE_ID`);
COMMIT;

/*!40101 SET CHARACTER_SET_CLIENT=@OLD_CHARACTER_SET_CLIENT */;
/*!40101 SET CHARACTER_SET_RESULTS=@OLD_CHARACTER_SET_RESULTS */;
/*!40101 SET COLLATION_CONNECTION=@OLD_COLLATION_CONNECTION */;
